-- 财务测试数据 —— 自动生成
BEGIN;

DELETE FROM budget_usages;
DELETE FROM reimbursement_items;
DELETE FROM reimbursements;
DELETE FROM budgets;
DELETE FROM payables;
DELETE FROM receivables;

-- 报销单
INSERT INTO reimbursements (id, reimbursement_no, employee_id, type, amount, status, reviewer_id, review_remark, reviewed_at, department_id, created_at, updated_at) VALUES (1, 'FIN-R-0001', 3, '交通', 2229.48, 'pending', NULL, '', NULL, 8, '2026-01-16 15:55:04', '2026-01-16 15:55:04');
INSERT INTO reimbursements (id, reimbursement_no, employee_id, type, amount, status, reviewer_id, review_remark, reviewed_at, department_id, created_at, updated_at) VALUES (2, 'FIN-R-0002', 10, '交通', 4894.34, 'rejected', 9, '发票不合规，请重新提交', '2026-02-11 15:55:04', 7, '2025-12-28 15:55:04', '2025-12-28 15:55:04');
INSERT INTO reimbursements (id, reimbursement_no, employee_id, type, amount, status, reviewer_id, review_remark, reviewed_at, department_id, created_at, updated_at) VALUES (3, 'FIN-R-0003', 16, '餐费', 2395.83, 'pending', NULL, '', NULL, 7, '2025-12-25 15:55:04', '2025-12-25 15:55:04');
INSERT INTO reimbursements (id, reimbursement_no, employee_id, type, amount, status, reviewer_id, review_remark, reviewed_at, department_id, created_at, updated_at) VALUES (4, 'FIN-R-0004', 3, '其他', 1880.59, 'pending', NULL, '', NULL, 8, '2025-12-29 15:55:04', '2025-12-29 15:55:04');
INSERT INTO reimbursements (id, reimbursement_no, employee_id, type, amount, status, reviewer_id, review_remark, reviewed_at, department_id, created_at, updated_at) VALUES (5, 'FIN-R-0005', 15, '其他', 2574.08, 'approved', 9, '审核通过', '2026-01-31 15:55:04', 4, '2026-02-05 15:55:04', '2026-02-05 15:55:04');
INSERT INTO reimbursements (id, reimbursement_no, employee_id, type, amount, status, reviewer_id, review_remark, reviewed_at, department_id, created_at, updated_at) VALUES (6, 'FIN-R-0006', 12, '差旅', 4414.03, 'paid', 9, '已付款', '2026-01-17 15:55:04', 9, '2026-01-15 15:55:04', '2026-01-15 15:55:04');
INSERT INTO reimbursements (id, reimbursement_no, employee_id, type, amount, status, reviewer_id, review_remark, reviewed_at, department_id, created_at, updated_at) VALUES (7, 'FIN-R-0007', 20, '餐费', 3376.42, 'paid', 9, '已付款', '2026-01-30 15:55:04', 8, '2026-02-01 15:55:04', '2026-02-01 15:55:04');
INSERT INTO reimbursements (id, reimbursement_no, employee_id, type, amount, status, reviewer_id, review_remark, reviewed_at, department_id, created_at, updated_at) VALUES (8, 'FIN-R-0008', 10, '差旅', 1076.92, 'returned', 9, '金额有误，请核对后重新提交', '2026-02-10 15:55:04', 7, '2025-12-25 15:55:04', '2025-12-25 15:55:04');
INSERT INTO reimbursements (id, reimbursement_no, employee_id, type, amount, status, reviewer_id, review_remark, reviewed_at, department_id, created_at, updated_at) VALUES (9, 'FIN-R-0009', 13, '差旅', 1621.12, 'approved', 9, '审核通过', '2026-02-12 15:55:04', 10, '2026-01-05 15:55:04', '2026-01-05 15:55:04');
INSERT INTO reimbursements (id, reimbursement_no, employee_id, type, amount, status, reviewer_id, review_remark, reviewed_at, department_id, created_at, updated_at) VALUES (10, 'FIN-R-0010', 4, '交通', 2421.34, 'approved', 9, '审核通过', '2026-01-31 15:55:04', 9, '2026-01-09 15:55:04', '2026-01-09 15:55:04');
INSERT INTO reimbursements (id, reimbursement_no, employee_id, type, amount, status, reviewer_id, review_remark, reviewed_at, department_id, created_at, updated_at) VALUES (11, 'FIN-R-0011', 4, '其他', 4256.91, 'approved', 9, '审核通过', '2026-01-28 15:55:04', 9, '2025-12-23 15:55:04', '2025-12-23 15:55:04');
INSERT INTO reimbursements (id, reimbursement_no, employee_id, type, amount, status, reviewer_id, review_remark, reviewed_at, department_id, created_at, updated_at) VALUES (12, 'FIN-R-0012', 12, '交通', 4430.76, 'paid', 9, '已付款', '2026-02-02 15:55:04', 9, '2026-02-02 15:55:04', '2026-02-02 15:55:04');
INSERT INTO reimbursements (id, reimbursement_no, employee_id, type, amount, status, reviewer_id, review_remark, reviewed_at, department_id, created_at, updated_at) VALUES (13, 'FIN-R-0013', 1, '交通', 4072.21, 'rejected', 9, '发票不合规，请重新提交', '2026-02-08 15:55:04', 7, '2026-01-14 15:55:04', '2026-01-14 15:55:04');
INSERT INTO reimbursements (id, reimbursement_no, employee_id, type, amount, status, reviewer_id, review_remark, reviewed_at, department_id, created_at, updated_at) VALUES (14, 'FIN-R-0014', 11, '招待', 3742.59, 'approved', 9, '审核通过', '2026-01-24 15:55:04', 8, '2026-01-11 15:55:04', '2026-01-11 15:55:04');
INSERT INTO reimbursements (id, reimbursement_no, employee_id, type, amount, status, reviewer_id, review_remark, reviewed_at, department_id, created_at, updated_at) VALUES (15, 'FIN-R-0015', 6, '其他', 1512.45, 'rejected', 9, '发票不合规，请重新提交', '2026-02-07 15:55:04', 4, '2026-02-10 15:55:04', '2026-02-10 15:55:04');
INSERT INTO reimbursements (id, reimbursement_no, employee_id, type, amount, status, reviewer_id, review_remark, reviewed_at, department_id, created_at, updated_at) VALUES (16, 'FIN-R-0016', 12, '差旅', 183.83, 'pending', NULL, '', NULL, 9, '2025-12-26 15:55:04', '2025-12-26 15:55:04');
INSERT INTO reimbursements (id, reimbursement_no, employee_id, type, amount, status, reviewer_id, review_remark, reviewed_at, department_id, created_at, updated_at) VALUES (17, 'FIN-R-0017', 5, '招待', 3402.57, 'paid', 9, '已付款', '2026-02-03 15:55:04', 3, '2025-12-26 15:55:04', '2025-12-26 15:55:04');
INSERT INTO reimbursements (id, reimbursement_no, employee_id, type, amount, status, reviewer_id, review_remark, reviewed_at, department_id, created_at, updated_at) VALUES (18, 'FIN-R-0018', 4, '招待', 2168.14, 'approved', 9, '审核通过', '2026-02-03 15:55:04', 9, '2025-12-31 15:55:04', '2025-12-31 15:55:04');
INSERT INTO reimbursements (id, reimbursement_no, employee_id, type, amount, status, reviewer_id, review_remark, reviewed_at, department_id, created_at, updated_at) VALUES (19, 'FIN-R-0019', 13, '招待', 4138.38, 'paid', 9, '已付款', '2026-02-06 15:55:04', 10, '2025-12-28 15:55:04', '2025-12-28 15:55:04');
INSERT INTO reimbursements (id, reimbursement_no, employee_id, type, amount, status, reviewer_id, review_remark, reviewed_at, department_id, created_at, updated_at) VALUES (20, 'FIN-R-0020', 2, '办公', 3918.87, 'pending', NULL, '', NULL, 7, '2026-01-09 15:55:04', '2026-01-09 15:55:04');

-- 报销明细
INSERT INTO reimbursement_items (id, reimbursement_id, description, amount, expense_date, category, created_at, updated_at) VALUES (1, 1, '打车费用', 1230.0, '2025-12-21', '交通', '2026-02-13 15:55:04.733580', '2026-02-13 15:55:04.733580');
INSERT INTO reimbursement_items (id, reimbursement_id, description, amount, expense_date, category, created_at, updated_at) VALUES (2, 1, '地铁月卡', 1423.37, '2026-01-26', '交通', '2026-02-13 15:55:04.733580', '2026-02-13 15:55:04.733580');
INSERT INTO reimbursement_items (id, reimbursement_id, description, amount, expense_date, category, created_at, updated_at) VALUES (3, 2, '市内出租车', 1516.37, '2026-02-02', '差旅', '2026-02-13 15:55:04.733580', '2026-02-13 15:55:04.733580');
INSERT INTO reimbursement_items (id, reimbursement_id, description, amount, expense_date, category, created_at, updated_at) VALUES (4, 2, '专业书籍', 1366.51, '2025-12-28', '办公', '2026-02-13 15:55:04.733580', '2026-02-13 15:55:04.733580');
INSERT INTO reimbursement_items (id, reimbursement_id, description, amount, expense_date, category, created_at, updated_at) VALUES (5, 3, '客户晚宴', 1907.79, '2025-12-25', '招待', '2026-02-13 15:55:04.733580', '2026-02-13 15:55:04.733580');
INSERT INTO reimbursement_items (id, reimbursement_id, description, amount, expense_date, category, created_at, updated_at) VALUES (6, 4, '高铁票', 1518.79, '2025-12-19', '差旅', '2026-02-13 15:55:04.733580', '2026-02-13 15:55:04.733580');
INSERT INTO reimbursement_items (id, reimbursement_id, description, amount, expense_date, category, created_at, updated_at) VALUES (7, 5, '礼品采购', 367.95, '2025-12-15', '招待', '2026-02-13 15:55:04.733580', '2026-02-13 15:55:04.733580');
INSERT INTO reimbursement_items (id, reimbursement_id, description, amount, expense_date, category, created_at, updated_at) VALUES (8, 6, '杂项', 1604.08, '2026-01-19', '其他', '2026-02-13 15:55:04.733580', '2026-02-13 15:55:04.733580');
INSERT INTO reimbursement_items (id, reimbursement_id, description, amount, expense_date, category, created_at, updated_at) VALUES (9, 6, '专业书籍', 1399.55, '2025-12-25', '办公', '2026-02-13 15:55:04.733580', '2026-02-13 15:55:04.733580');
INSERT INTO reimbursement_items (id, reimbursement_id, description, amount, expense_date, category, created_at, updated_at) VALUES (10, 7, '地铁月卡', 655.07, '2026-01-24', '交通', '2026-02-13 15:55:04.733580', '2026-02-13 15:55:04.733580');
INSERT INTO reimbursement_items (id, reimbursement_id, description, amount, expense_date, category, created_at, updated_at) VALUES (11, 8, '北京-上海机票', 834.28, '2026-01-12', '差旅', '2026-02-13 15:55:04.733580', '2026-02-13 15:55:04.733580');
INSERT INTO reimbursement_items (id, reimbursement_id, description, amount, expense_date, category, created_at, updated_at) VALUES (12, 8, '礼品采购', 757.87, '2025-12-21', '招待', '2026-02-13 15:55:04.733580', '2026-02-13 15:55:04.733580');
INSERT INTO reimbursement_items (id, reimbursement_id, description, amount, expense_date, category, created_at, updated_at) VALUES (13, 9, '酒店住宿 2 晚', 445.11, '2026-01-01', '差旅', '2026-02-13 15:55:04.733580', '2026-02-13 15:55:04.733580');
INSERT INTO reimbursement_items (id, reimbursement_id, description, amount, expense_date, category, created_at, updated_at) VALUES (14, 9, '会议白板', 570.48, '2025-12-25', '办公', '2026-02-13 15:55:04.733580', '2026-02-13 15:55:04.733580');
INSERT INTO reimbursement_items (id, reimbursement_id, description, amount, expense_date, category, created_at, updated_at) VALUES (15, 9, '客户晚宴', 1659.52, '2026-01-18', '招待', '2026-02-13 15:55:04.733580', '2026-02-13 15:55:04.733580');
INSERT INTO reimbursement_items (id, reimbursement_id, description, amount, expense_date, category, created_at, updated_at) VALUES (16, 10, '快递费', 895.54, '2025-12-16', '其他', '2026-02-13 15:55:04.733580', '2026-02-13 15:55:04.733580');
INSERT INTO reimbursement_items (id, reimbursement_id, description, amount, expense_date, category, created_at, updated_at) VALUES (17, 11, '通讯费', 1451.93, '2025-12-26', '其他', '2026-02-13 15:55:04.733580', '2026-02-13 15:55:04.733580');
INSERT INTO reimbursement_items (id, reimbursement_id, description, amount, expense_date, category, created_at, updated_at) VALUES (18, 11, '团队聚餐', 1135.35, '2025-12-19', '餐费', '2026-02-13 15:55:04.733580', '2026-02-13 15:55:04.733580');
INSERT INTO reimbursement_items (id, reimbursement_id, description, amount, expense_date, category, created_at, updated_at) VALUES (19, 12, '油费', 1432.65, '2025-12-26', '交通', '2026-02-13 15:55:04.733580', '2026-02-13 15:55:04.733580');
INSERT INTO reimbursement_items (id, reimbursement_id, description, amount, expense_date, category, created_at, updated_at) VALUES (20, 12, '打车费用', 742.69, '2026-02-08', '交通', '2026-02-13 15:55:04.733580', '2026-02-13 15:55:04.733580');
INSERT INTO reimbursement_items (id, reimbursement_id, description, amount, expense_date, category, created_at, updated_at) VALUES (21, 12, '会议白板', 904.52, '2026-01-23', '办公', '2026-02-13 15:55:04.733580', '2026-02-13 15:55:04.733580');
INSERT INTO reimbursement_items (id, reimbursement_id, description, amount, expense_date, category, created_at, updated_at) VALUES (22, 13, '通讯费', 1917.56, '2025-12-31', '其他', '2026-02-13 15:55:04.733580', '2026-02-13 15:55:04.733580');
INSERT INTO reimbursement_items (id, reimbursement_id, description, amount, expense_date, category, created_at, updated_at) VALUES (23, 13, '商务茶歇', 1164.85, '2025-12-27', '招待', '2026-02-13 15:55:04.733580', '2026-02-13 15:55:04.733580');
INSERT INTO reimbursement_items (id, reimbursement_id, description, amount, expense_date, category, created_at, updated_at) VALUES (24, 13, '杂项', 865.78, '2026-02-07', '其他', '2026-02-13 15:55:04.733580', '2026-02-13 15:55:04.733580');
INSERT INTO reimbursement_items (id, reimbursement_id, description, amount, expense_date, category, created_at, updated_at) VALUES (25, 14, '酒店住宿 2 晚', 1084.05, '2025-12-17', '差旅', '2026-02-13 15:55:04.733580', '2026-02-13 15:55:04.733580');
INSERT INTO reimbursement_items (id, reimbursement_id, description, amount, expense_date, category, created_at, updated_at) VALUES (26, 14, '商务茶歇', 1171.35, '2025-12-22', '招待', '2026-02-13 15:55:04.733580', '2026-02-13 15:55:04.733580');
INSERT INTO reimbursement_items (id, reimbursement_id, description, amount, expense_date, category, created_at, updated_at) VALUES (27, 14, '酒店住宿 2 晚', 410.9, '2026-01-23', '差旅', '2026-02-13 15:55:04.733580', '2026-02-13 15:55:04.733580');
INSERT INTO reimbursement_items (id, reimbursement_id, description, amount, expense_date, category, created_at, updated_at) VALUES (28, 15, '油费', 444.92, '2026-01-18', '交通', '2026-02-13 15:55:04.733580', '2026-02-13 15:55:04.733580');
INSERT INTO reimbursement_items (id, reimbursement_id, description, amount, expense_date, category, created_at, updated_at) VALUES (29, 15, '高铁票', 208.71, '2025-12-26', '差旅', '2026-02-13 15:55:04.733580', '2026-02-13 15:55:04.733580');
INSERT INTO reimbursement_items (id, reimbursement_id, description, amount, expense_date, category, created_at, updated_at) VALUES (30, 16, '软件订阅', 613.79, '2026-02-09', '办公', '2026-02-13 15:55:04.733580', '2026-02-13 15:55:04.733580');
INSERT INTO reimbursement_items (id, reimbursement_id, description, amount, expense_date, category, created_at, updated_at) VALUES (31, 16, '北京-上海机票', 1914.83, '2025-12-19', '差旅', '2026-02-13 15:55:04.733580', '2026-02-13 15:55:04.733580');
INSERT INTO reimbursement_items (id, reimbursement_id, description, amount, expense_date, category, created_at, updated_at) VALUES (32, 17, '商务茶歇', 1066.54, '2025-12-26', '招待', '2026-02-13 15:55:04.733580', '2026-02-13 15:55:04.733580');
INSERT INTO reimbursement_items (id, reimbursement_id, description, amount, expense_date, category, created_at, updated_at) VALUES (33, 17, '快递费', 1642.08, '2026-02-12', '其他', '2026-02-13 15:55:04.733580', '2026-02-13 15:55:04.733580');
INSERT INTO reimbursement_items (id, reimbursement_id, description, amount, expense_date, category, created_at, updated_at) VALUES (34, 18, '礼品采购', 1084.87, '2026-01-02', '招待', '2026-02-13 15:55:04.733580', '2026-02-13 15:55:04.733580');
INSERT INTO reimbursement_items (id, reimbursement_id, description, amount, expense_date, category, created_at, updated_at) VALUES (35, 18, '油费', 402.22, '2025-12-22', '交通', '2026-02-13 15:55:04.733580', '2026-02-13 15:55:04.733580');
INSERT INTO reimbursement_items (id, reimbursement_id, description, amount, expense_date, category, created_at, updated_at) VALUES (36, 18, '通讯费', 332.54, '2026-01-24', '其他', '2026-02-13 15:55:04.733580', '2026-02-13 15:55:04.733580');
INSERT INTO reimbursement_items (id, reimbursement_id, description, amount, expense_date, category, created_at, updated_at) VALUES (37, 19, '礼品采购', 1654.28, '2025-12-26', '招待', '2026-02-13 15:55:04.733580', '2026-02-13 15:55:04.733580');
INSERT INTO reimbursement_items (id, reimbursement_id, description, amount, expense_date, category, created_at, updated_at) VALUES (38, 19, '会议白板', 1808.83, '2026-01-02', '办公', '2026-02-13 15:55:04.733580', '2026-02-13 15:55:04.733580');
INSERT INTO reimbursement_items (id, reimbursement_id, description, amount, expense_date, category, created_at, updated_at) VALUES (39, 20, '客户晚宴', 1272.16, '2025-12-30', '招待', '2026-02-13 15:55:04.733580', '2026-02-13 15:55:04.733580');
INSERT INTO reimbursement_items (id, reimbursement_id, description, amount, expense_date, category, created_at, updated_at) VALUES (40, 20, '快递费', 122.29, '2026-01-20', '其他', '2026-02-13 15:55:04.733580', '2026-02-13 15:55:04.733580');

-- 部门预算
INSERT INTO budgets (id, department_id, year, total_amount, used_amount, status, created_at, updated_at) VALUES (1, 2, 2026, 392180.87, 355879.53, 'active', '2026-02-13 15:55:04.733580', '2026-02-13 15:55:04.733580');
INSERT INTO budgets (id, department_id, year, total_amount, used_amount, status, created_at, updated_at) VALUES (2, 3, 2026, 443224.04, 188198.03, 'active', '2026-02-13 15:55:04.733580', '2026-02-13 15:55:04.733580');
INSERT INTO budgets (id, department_id, year, total_amount, used_amount, status, created_at, updated_at) VALUES (3, 4, 2026, 111645.49, 51987.71, 'active', '2026-02-13 15:55:04.733580', '2026-02-13 15:55:04.733580');
INSERT INTO budgets (id, department_id, year, total_amount, used_amount, status, created_at, updated_at) VALUES (4, 5, 2026, 419689.26, 384578.34, 'active', '2026-02-13 15:55:04.733580', '2026-02-13 15:55:04.733580');
INSERT INTO budgets (id, department_id, year, total_amount, used_amount, status, created_at, updated_at) VALUES (5, 6, 2026, 196707.52, 105080.37, 'active', '2026-02-13 15:55:04.733580', '2026-02-13 15:55:04.733580');
INSERT INTO budgets (id, department_id, year, total_amount, used_amount, status, created_at, updated_at) VALUES (6, 7, 2026, 102882.53, 54113.66, 'active', '2026-02-13 15:55:04.733580', '2026-02-13 15:55:04.733580');
INSERT INTO budgets (id, department_id, year, total_amount, used_amount, status, created_at, updated_at) VALUES (7, 8, 2026, 160197.99, 114534.89, 'active', '2026-02-13 15:55:04.733580', '2026-02-13 15:55:04.733580');
INSERT INTO budgets (id, department_id, year, total_amount, used_amount, status, created_at, updated_at) VALUES (8, 9, 2026, 347852.51, 310948.97, 'active', '2026-02-13 15:55:04.733580', '2026-02-13 15:55:04.733580');
INSERT INTO budgets (id, department_id, year, total_amount, used_amount, status, created_at, updated_at) VALUES (9, 10, 2026, 147644.29, 71463.54, 'active', '2026-02-13 15:55:04.733580', '2026-02-13 15:55:04.733580');

-- 预算使用记录
INSERT INTO budget_usages (id, budget_id, reimbursement_id, amount, category, description, used_date, created_at, updated_at) VALUES (1, 4, 7, 3444.51, '办公', '费用支出-办公', '2026-01-16', '2026-02-13 15:55:04.733580', '2026-02-13 15:55:04.733580');
INSERT INTO budget_usages (id, budget_id, reimbursement_id, amount, category, description, used_date, created_at, updated_at) VALUES (2, 1, NULL, 8913.14, '餐费', '费用支出-餐费', '2026-01-11', '2026-02-13 15:55:04.733580', '2026-02-13 15:55:04.733580');
INSERT INTO budget_usages (id, budget_id, reimbursement_id, amount, category, description, used_date, created_at, updated_at) VALUES (3, 7, NULL, 1956.56, '招待', '费用支出-招待', '2026-01-13', '2026-02-13 15:55:04.733580', '2026-02-13 15:55:04.733580');
INSERT INTO budget_usages (id, budget_id, reimbursement_id, amount, category, description, used_date, created_at, updated_at) VALUES (4, 8, NULL, 8887.6, '餐费', '费用支出-餐费', '2026-01-01', '2026-02-13 15:55:04.733580', '2026-02-13 15:55:04.733580');
INSERT INTO budget_usages (id, budget_id, reimbursement_id, amount, category, description, used_date, created_at, updated_at) VALUES (5, 6, 18, 4939.15, '招待', '费用支出-招待', '2026-02-12', '2026-02-13 15:55:04.733580', '2026-02-13 15:55:04.733580');
INSERT INTO budget_usages (id, budget_id, reimbursement_id, amount, category, description, used_date, created_at, updated_at) VALUES (6, 7, 17, 8538.37, '差旅', '费用支出-差旅', '2025-12-20', '2026-02-13 15:55:04.733580', '2026-02-13 15:55:04.733580');
INSERT INTO budget_usages (id, budget_id, reimbursement_id, amount, category, description, used_date, created_at, updated_at) VALUES (7, 5, 1, 7979.9, '差旅', '费用支出-差旅', '2026-01-01', '2026-02-13 15:55:04.733580', '2026-02-13 15:55:04.733580');
INSERT INTO budget_usages (id, budget_id, reimbursement_id, amount, category, description, used_date, created_at, updated_at) VALUES (8, 3, NULL, 4304.64, '其他', '费用支出-其他', '2026-01-28', '2026-02-13 15:55:04.733580', '2026-02-13 15:55:04.733580');
INSERT INTO budget_usages (id, budget_id, reimbursement_id, amount, category, description, used_date, created_at, updated_at) VALUES (9, 5, 15, 1664.64, '招待', '费用支出-招待', '2026-02-05', '2026-02-13 15:55:04.733580', '2026-02-13 15:55:04.733580');
INSERT INTO budget_usages (id, budget_id, reimbursement_id, amount, category, description, used_date, created_at, updated_at) VALUES (10, 8, 16, 7830.07, '交通', '费用支出-交通', '2025-12-24', '2026-02-13 15:55:04.733580', '2026-02-13 15:55:04.733580');
INSERT INTO budget_usages (id, budget_id, reimbursement_id, amount, category, description, used_date, created_at, updated_at) VALUES (11, 2, 1, 1691.43, '办公', '费用支出-办公', '2026-02-04', '2026-02-13 15:55:04.733580', '2026-02-13 15:55:04.733580');
INSERT INTO budget_usages (id, budget_id, reimbursement_id, amount, category, description, used_date, created_at, updated_at) VALUES (12, 7, 19, 9188.89, '其他', '费用支出-其他', '2025-12-30', '2026-02-13 15:55:04.733580', '2026-02-13 15:55:04.733580');
INSERT INTO budget_usages (id, budget_id, reimbursement_id, amount, category, description, used_date, created_at, updated_at) VALUES (13, 6, 14, 6223.82, '其他', '费用支出-其他', '2026-02-11', '2026-02-13 15:55:04.733580', '2026-02-13 15:55:04.733580');
INSERT INTO budget_usages (id, budget_id, reimbursement_id, amount, category, description, used_date, created_at, updated_at) VALUES (14, 4, 8, 3980.72, '办公', '费用支出-办公', '2026-01-07', '2026-02-13 15:55:04.733580', '2026-02-13 15:55:04.733580');
INSERT INTO budget_usages (id, budget_id, reimbursement_id, amount, category, description, used_date, created_at, updated_at) VALUES (15, 3, NULL, 2331.17, '交通', '费用支出-交通', '2026-02-02', '2026-02-13 15:55:04.733580', '2026-02-13 15:55:04.733580');

-- 应付款
INSERT INTO payables (id, payable_no, vendor, amount, due_date, status, description, created_at, updated_at) VALUES (1, 'FIN-P-0001', '阿里云', 27940.24, '2026-03-27', 'paid', '阿里云服务费用', '2026-02-13 15:55:04.733580', '2026-02-13 15:55:04.733580');
INSERT INTO payables (id, payable_no, vendor, amount, due_date, status, description, created_at, updated_at) VALUES (2, 'FIN-P-0002', '腾讯云', 23528.44, '2026-01-31', 'paid', '腾讯云服务费用', '2026-02-13 15:55:04.733580', '2026-02-13 15:55:04.733580');
INSERT INTO payables (id, payable_no, vendor, amount, due_date, status, description, created_at, updated_at) VALUES (3, 'FIN-P-0003', '华为云', 19295.78, '2026-02-18', 'paid', '华为云服务费用', '2026-02-13 15:55:04.733580', '2026-02-13 15:55:04.733580');
INSERT INTO payables (id, payable_no, vendor, amount, due_date, status, description, created_at, updated_at) VALUES (4, 'FIN-P-0004', '京东企业购', 33390.64, '2026-03-18', 'paid', '京东企业购服务费用', '2026-02-13 15:55:04.733580', '2026-02-13 15:55:04.733580');
INSERT INTO payables (id, payable_no, vendor, amount, due_date, status, description, created_at, updated_at) VALUES (5, 'FIN-P-0005', '得力办公', 49586.98, '2026-02-03', 'overdue', '得力办公服务费用', '2026-02-13 15:55:04.733580', '2026-02-13 15:55:04.733580');
INSERT INTO payables (id, payable_no, vendor, amount, due_date, status, description, created_at, updated_at) VALUES (6, 'FIN-P-0006', '中国电信', 25554.41, '2026-03-14', 'pending', '中国电信服务费用', '2026-02-13 15:55:04.733580', '2026-02-13 15:55:04.733580');
INSERT INTO payables (id, payable_no, vendor, amount, due_date, status, description, created_at, updated_at) VALUES (7, 'FIN-P-0007', '中国移动', 12962.04, '2026-03-30', 'paid', '中国移动服务费用', '2026-02-13 15:55:04.733580', '2026-02-13 15:55:04.733580');
INSERT INTO payables (id, payable_no, vendor, amount, due_date, status, description, created_at, updated_at) VALUES (8, 'FIN-P-0008', '顺丰速运', 20864.62, '2026-03-30', 'paid', '顺丰速运服务费用', '2026-02-13 15:55:04.733580', '2026-02-13 15:55:04.733580');
INSERT INTO payables (id, payable_no, vendor, amount, due_date, status, description, created_at, updated_at) VALUES (9, 'FIN-P-0009', '前程无忧', 32732.35, '2026-02-05', 'overdue', '前程无忧服务费用', '2026-02-13 15:55:04.733580', '2026-02-13 15:55:04.733580');
INSERT INTO payables (id, payable_no, vendor, amount, due_date, status, description, created_at, updated_at) VALUES (10, 'FIN-P-0010', '智联招聘', 9164.43, '2026-03-04', 'paid', '智联招聘服务费用', '2026-02-13 15:55:04.733580', '2026-02-13 15:55:04.733580');

-- 应收款
INSERT INTO receivables (id, receivable_no, customer, amount, due_date, status, description, created_at, updated_at) VALUES (1, 'FIN-AR-0001', '客户A公司', 84917.92, '2026-03-06', 'pending', '客户A公司项目款', '2026-02-13 15:55:04.733580', '2026-02-13 15:55:04.733580');
INSERT INTO receivables (id, receivable_no, customer, amount, due_date, status, description, created_at, updated_at) VALUES (2, 'FIN-AR-0002', '客户B集团', 60187.46, '2026-01-29', 'overdue', '客户B集团项目款', '2026-02-13 15:55:04.733580', '2026-02-13 15:55:04.733580');
INSERT INTO receivables (id, receivable_no, customer, amount, due_date, status, description, created_at, updated_at) VALUES (3, 'FIN-AR-0003', '客户C科技', 69652.74, '2026-02-16', 'pending', '客户C科技项目款', '2026-02-13 15:55:04.733580', '2026-02-13 15:55:04.733580');
INSERT INTO receivables (id, receivable_no, customer, amount, due_date, status, description, created_at, updated_at) VALUES (4, 'FIN-AR-0004', '客户D传媒', 71329.51, '2026-02-28', 'pending', '客户D传媒项目款', '2026-02-13 15:55:04.733580', '2026-02-13 15:55:04.733580');
INSERT INTO receivables (id, receivable_no, customer, amount, due_date, status, description, created_at, updated_at) VALUES (5, 'FIN-AR-0005', '客户E咨询', 37433.66, '2026-02-22', 'pending', '客户E咨询项目款', '2026-02-13 15:55:04.733580', '2026-02-13 15:55:04.733580');

COMMIT;