-- IT 运维测试数据 —— 自动生成
-- 使用前请确保 it_assets / it_tickets / it_asset_history 表已创建
BEGIN;

DELETE FROM it_asset_history;
DELETE FROM it_tickets;
DELETE FROM it_assets;

-- IT 资产
INSERT INTO it_assets (id, asset_no, type, brand, model_name, status, employee_id, purchase_date, warranty_expire, created_at, updated_at) VALUES (1, 'IT-A-0001', 'laptop', 'Apple', 'MacBook Pro 14', 'idle', NULL, '2023-01-26', '2026-01-25', '2026-02-13 15:03:55.930157', '2026-02-13 15:03:55.930157');
INSERT INTO it_assets (id, asset_no, type, brand, model_name, status, employee_id, purchase_date, warranty_expire, created_at, updated_at) VALUES (2, 'IT-A-0002', 'desktop', 'Dell', 'OptiPlex 7090', 'in_use', 4, '2023-08-17', '2026-08-16', '2026-02-13 15:03:55.930157', '2026-02-13 15:03:55.930157');
INSERT INTO it_assets (id, asset_no, type, brand, model_name, status, employee_id, purchase_date, warranty_expire, created_at, updated_at) VALUES (3, 'IT-A-0003', 'monitor', 'Dell', 'U2723QE 27"', 'in_use', 1, '2024-08-27', '2027-08-27', '2026-02-13 15:03:55.930157', '2026-02-13 15:03:55.930157');
INSERT INTO it_assets (id, asset_no, type, brand, model_name, status, employee_id, purchase_date, warranty_expire, created_at, updated_at) VALUES (4, 'IT-A-0004', 'peripheral', 'Logitech', 'MX Keys + MX Master 3', 'in_use', 2, '2023-08-12', '2026-08-11', '2026-02-13 15:03:55.930157', '2026-02-13 15:03:55.930157');
INSERT INTO it_assets (id, asset_no, type, brand, model_name, status, employee_id, purchase_date, warranty_expire, created_at, updated_at) VALUES (5, 'IT-A-0005', 'desktop', 'HP', 'ProDesk 400', 'idle', NULL, '2024-10-27', '2027-10-27', '2026-02-13 15:03:55.930157', '2026-02-13 15:03:55.930157');
INSERT INTO it_assets (id, asset_no, type, brand, model_name, status, employee_id, purchase_date, warranty_expire, created_at, updated_at) VALUES (6, 'IT-A-0006', 'peripheral', 'Apple', 'Magic Keyboard + Trackpad', 'in_use', 3, '2024-04-04', '2027-04-04', '2026-02-13 15:03:55.930157', '2026-02-13 15:03:55.930157');
INSERT INTO it_assets (id, asset_no, type, brand, model_name, status, employee_id, purchase_date, warranty_expire, created_at, updated_at) VALUES (7, 'IT-A-0007', 'desktop', 'HP', 'ProDesk 400', 'in_use', 9, '2024-03-08', '2027-03-08', '2026-02-13 15:03:55.930157', '2026-02-13 15:03:55.930157');
INSERT INTO it_assets (id, asset_no, type, brand, model_name, status, employee_id, purchase_date, warranty_expire, created_at, updated_at) VALUES (8, 'IT-A-0008', 'desktop', 'Lenovo', 'ThinkCentre M70', 'in_use', 6, '2023-04-15', '2026-04-14', '2026-02-13 15:03:55.930157', '2026-02-13 15:03:55.930157');
INSERT INTO it_assets (id, asset_no, type, brand, model_name, status, employee_id, purchase_date, warranty_expire, created_at, updated_at) VALUES (9, 'IT-A-0009', 'monitor', 'BenQ', 'PD2705Q 27"', 'in_use', 5, '2024-09-10', '2027-09-10', '2026-02-13 15:03:55.930157', '2026-02-13 15:03:55.930157');
INSERT INTO it_assets (id, asset_no, type, brand, model_name, status, employee_id, purchase_date, warranty_expire, created_at, updated_at) VALUES (10, 'IT-A-0010', 'peripheral', 'Logitech', 'MX Keys + MX Master 3', 'in_use', 12, '2024-01-23', '2027-01-22', '2026-02-13 15:03:55.930157', '2026-02-13 15:03:55.930157');
INSERT INTO it_assets (id, asset_no, type, brand, model_name, status, employee_id, purchase_date, warranty_expire, created_at, updated_at) VALUES (11, 'IT-A-0011', 'monitor', 'LG', '27UL850 27"', 'in_use', 11, '2023-03-13', '2026-03-12', '2026-02-13 15:03:55.930157', '2026-02-13 15:03:55.930157');
INSERT INTO it_assets (id, asset_no, type, brand, model_name, status, employee_id, purchase_date, warranty_expire, created_at, updated_at) VALUES (12, 'IT-A-0012', 'monitor', 'Dell', 'U2723QE 27"', 'maintenance', NULL, '2023-08-27', '2026-08-26', '2026-02-13 15:03:55.930157', '2026-02-13 15:03:55.930157');
INSERT INTO it_assets (id, asset_no, type, brand, model_name, status, employee_id, purchase_date, warranty_expire, created_at, updated_at) VALUES (13, 'IT-A-0013', 'peripheral', 'Logitech', 'C920 摄像头', 'idle', NULL, '2024-04-09', '2027-04-09', '2026-02-13 15:03:55.930157', '2026-02-13 15:03:55.930157');
INSERT INTO it_assets (id, asset_no, type, brand, model_name, status, employee_id, purchase_date, warranty_expire, created_at, updated_at) VALUES (14, 'IT-A-0014', 'monitor', 'LG', '27UL850 27"', 'in_use', 20, '2024-01-15', '2027-01-14', '2026-02-13 15:03:55.930157', '2026-02-13 15:03:55.930157');
INSERT INTO it_assets (id, asset_no, type, brand, model_name, status, employee_id, purchase_date, warranty_expire, created_at, updated_at) VALUES (15, 'IT-A-0015', 'monitor', 'Dell', 'U2723QE 27"', 'idle', NULL, '2024-09-15', '2027-09-15', '2026-02-13 15:03:55.930157', '2026-02-13 15:03:55.930157');
INSERT INTO it_assets (id, asset_no, type, brand, model_name, status, employee_id, purchase_date, warranty_expire, created_at, updated_at) VALUES (16, 'IT-A-0016', 'desktop', 'Dell', 'OptiPlex 7090', 'in_use', 18, '2024-04-18', '2027-04-18', '2026-02-13 15:03:55.930157', '2026-02-13 15:03:55.930157');
INSERT INTO it_assets (id, asset_no, type, brand, model_name, status, employee_id, purchase_date, warranty_expire, created_at, updated_at) VALUES (17, 'IT-A-0017', 'desktop', 'HP', 'ProDesk 400', 'maintenance', NULL, '2023-11-29', '2026-11-28', '2026-02-13 15:03:55.930157', '2026-02-13 15:03:55.930157');
INSERT INTO it_assets (id, asset_no, type, brand, model_name, status, employee_id, purchase_date, warranty_expire, created_at, updated_at) VALUES (18, 'IT-A-0018', 'laptop', 'Apple', 'MacBook Air 13', 'maintenance', NULL, '2023-02-02', '2026-02-01', '2026-02-13 15:03:55.930157', '2026-02-13 15:03:55.930157');
INSERT INTO it_assets (id, asset_no, type, brand, model_name, status, employee_id, purchase_date, warranty_expire, created_at, updated_at) VALUES (19, 'IT-A-0019', 'peripheral', 'Logitech', 'C920 摄像头', 'in_use', 15, '2023-03-09', '2026-03-08', '2026-02-13 15:03:55.930157', '2026-02-13 15:03:55.930157');
INSERT INTO it_assets (id, asset_no, type, brand, model_name, status, employee_id, purchase_date, warranty_expire, created_at, updated_at) VALUES (20, 'IT-A-0020', 'desktop', 'HP', 'ProDesk 400', 'in_use', 19, '2024-05-26', '2027-05-26', '2026-02-13 15:03:55.930157', '2026-02-13 15:03:55.930157');
INSERT INTO it_assets (id, asset_no, type, brand, model_name, status, employee_id, purchase_date, warranty_expire, created_at, updated_at) VALUES (21, 'IT-A-0021', 'desktop', 'Lenovo', 'ThinkCentre M70', 'in_use', 14, '2023-05-23', '2026-05-22', '2026-02-13 15:03:55.930157', '2026-02-13 15:03:55.930157');
INSERT INTO it_assets (id, asset_no, type, brand, model_name, status, employee_id, purchase_date, warranty_expire, created_at, updated_at) VALUES (22, 'IT-A-0022', 'monitor', 'AOC', 'U2490VXE 24"', 'in_use', 8, '2024-08-20', '2027-08-20', '2026-02-13 15:03:55.930157', '2026-02-13 15:03:55.930157');
INSERT INTO it_assets (id, asset_no, type, brand, model_name, status, employee_id, purchase_date, warranty_expire, created_at, updated_at) VALUES (23, 'IT-A-0023', 'desktop', 'HP', 'ProDesk 400', 'in_use', 7, '2024-05-20', '2027-05-20', '2026-02-13 15:03:55.930157', '2026-02-13 15:03:55.930157');
INSERT INTO it_assets (id, asset_no, type, brand, model_name, status, employee_id, purchase_date, warranty_expire, created_at, updated_at) VALUES (24, 'IT-A-0024', 'laptop', 'Apple', 'MacBook Air 13', 'in_use', 17, '2024-10-04', '2027-10-04', '2026-02-13 15:03:55.930157', '2026-02-13 15:03:55.930157');
INSERT INTO it_assets (id, asset_no, type, brand, model_name, status, employee_id, purchase_date, warranty_expire, created_at, updated_at) VALUES (25, 'IT-A-0025', 'laptop', 'Lenovo', 'ThinkPad E14', 'in_use', 13, '2024-01-26', '2027-01-25', '2026-02-13 15:03:55.930157', '2026-02-13 15:03:55.930157');
INSERT INTO it_assets (id, asset_no, type, brand, model_name, status, employee_id, purchase_date, warranty_expire, created_at, updated_at) VALUES (26, 'IT-A-0026', 'monitor', 'Dell', 'U2723QE 27"', 'idle', NULL, '2024-11-27', '2027-11-27', '2026-02-13 15:03:55.930157', '2026-02-13 15:03:55.930157');
INSERT INTO it_assets (id, asset_no, type, brand, model_name, status, employee_id, purchase_date, warranty_expire, created_at, updated_at) VALUES (27, 'IT-A-0027', 'monitor', 'BenQ', 'PD2705Q 27"', 'in_use', 10, '2023-04-25', '2026-04-24', '2026-02-13 15:03:55.930157', '2026-02-13 15:03:55.930157');
INSERT INTO it_assets (id, asset_no, type, brand, model_name, status, employee_id, purchase_date, warranty_expire, created_at, updated_at) VALUES (28, 'IT-A-0028', 'peripheral', 'Logitech', 'MX Keys + MX Master 3', 'scrapped', NULL, '2023-09-27', '2026-09-26', '2026-02-13 15:03:55.930157', '2026-02-13 15:03:55.930157');
INSERT INTO it_assets (id, asset_no, type, brand, model_name, status, employee_id, purchase_date, warranty_expire, created_at, updated_at) VALUES (29, 'IT-A-0029', 'desktop', 'HP', 'ProDesk 400', 'maintenance', NULL, '2023-04-19', '2026-04-18', '2026-02-13 15:03:55.930157', '2026-02-13 15:03:55.930157');
INSERT INTO it_assets (id, asset_no, type, brand, model_name, status, employee_id, purchase_date, warranty_expire, created_at, updated_at) VALUES (30, 'IT-A-0030', 'monitor', 'LG', '27UL850 27"', 'in_use', 16, '2023-06-06', '2026-06-05', '2026-02-13 15:03:55.930157', '2026-02-13 15:03:55.930157');

-- IT 工单
INSERT INTO it_tickets (id, ticket_no, type, title, description, status, priority, submitter_id, handler_id, resolution, resolved_at, created_at, updated_at) VALUES (1, 'IT-T-0001', 'repair', '笔记本无法开机', '详细描述：笔记本无法开机，影响正常办公', 'open', 'high', 16, NULL, '', NULL, '2025-12-29 06:03:55', '2025-12-29 06:03:55');
INSERT INTO it_tickets (id, ticket_no, type, title, description, status, priority, submitter_id, handler_id, resolution, resolved_at, created_at, updated_at) VALUES (2, 'IT-T-0002', 'password_reset', 'AD 账号被锁定', '详细描述：AD 账号被锁定，影响正常办公', 'closed', 'low', 8, 9, '已重装驱动，恢复正常', '2026-01-11 15:03:55', '2025-12-13 13:03:55', '2025-12-13 13:03:55');
INSERT INTO it_tickets (id, ticket_no, type, title, description, status, priority, submitter_id, handler_id, resolution, resolved_at, created_at, updated_at) VALUES (3, 'IT-T-0003', 'software_install', '申请安装 Office 365', '详细描述：申请安装 Office 365，影响正常办公', 'resolved', 'medium', 5, 9, '已更新固件', '2026-01-23 09:03:55', '2025-12-07 20:03:55', '2025-12-07 20:03:55');
INSERT INTO it_tickets (id, ticket_no, type, title, description, status, priority, submitter_id, handler_id, resolution, resolved_at, created_at, updated_at) VALUES (4, 'IT-T-0004', 'permission', '申请 VPN 远程访问权限', '详细描述：申请 VPN 远程访问权限，影响正常办公', 'resolved', 'medium', 18, 9, '已安装软件并配置完成', '2026-01-05 18:03:55', '2025-11-19 19:03:55', '2025-11-19 19:03:55');
INSERT INTO it_tickets (id, ticket_no, type, title, description, status, priority, submitter_id, handler_id, resolution, resolved_at, created_at, updated_at) VALUES (5, 'IT-T-0005', 'other', 'WiFi 信号弱', '详细描述：WiFi 信号弱，影响正常办公', 'resolved', 'urgent', 17, 9, '已安装软件并配置完成', '2026-01-15 21:03:55', '2026-01-01 15:03:55', '2026-01-01 15:03:55');
INSERT INTO it_tickets (id, ticket_no, type, title, description, status, priority, submitter_id, handler_id, resolution, resolved_at, created_at, updated_at) VALUES (6, 'IT-T-0006', 'other', '网络打印机无法连接', '详细描述：网络打印机无法连接，影响正常办公', 'open', 'medium', 1, NULL, '', NULL, '2025-11-25 14:03:55', '2025-11-25 14:03:55');
INSERT INTO it_tickets (id, ticket_no, type, title, description, status, priority, submitter_id, handler_id, resolution, resolved_at, created_at, updated_at) VALUES (7, 'IT-T-0007', 'password_reset', '邮箱密码忘记', '详细描述：邮箱密码忘记，影响正常办公', 'open', 'low', 11, NULL, '', NULL, '2026-01-14 07:03:55', '2026-01-14 07:03:55');
INSERT INTO it_tickets (id, ticket_no, type, title, description, status, priority, submitter_id, handler_id, resolution, resolved_at, created_at, updated_at) VALUES (8, 'IT-T-0008', 'permission', '申请共享文件夹访问权限', '详细描述：申请共享文件夹访问权限，影响正常办公', 'resolved', 'medium', 19, 9, '已安装软件并配置完成', '2025-12-15 19:03:55', '2026-01-20 12:03:55', '2026-01-20 12:03:55');
INSERT INTO it_tickets (id, ticket_no, type, title, description, status, priority, submitter_id, handler_id, resolution, resolved_at, created_at, updated_at) VALUES (9, 'IT-T-0009', 'repair', '触控板不灵敏', '详细描述：触控板不灵敏，影响正常办公', 'resolved', 'high', 14, 9, '已更换硬件，问题解决', '2025-11-20 10:03:55', '2025-11-23 12:03:55', '2025-11-23 12:03:55');
INSERT INTO it_tickets (id, ticket_no, type, title, description, status, priority, submitter_id, handler_id, resolution, resolved_at, created_at, updated_at) VALUES (10, 'IT-T-0010', 'repair', '触控板不灵敏', '详细描述：触控板不灵敏，影响正常办公', 'in_progress', 'high', 4, 9, '', NULL, '2026-01-19 22:03:55', '2026-01-19 22:03:55');
INSERT INTO it_tickets (id, ticket_no, type, title, description, status, priority, submitter_id, handler_id, resolution, resolved_at, created_at, updated_at) VALUES (11, 'IT-T-0011', 'permission', '申请共享文件夹访问权限', '详细描述：申请共享文件夹访问权限，影响正常办公', 'in_progress', 'urgent', 6, 9, '', NULL, '2026-01-13 13:03:55', '2026-01-13 13:03:55');
INSERT INTO it_tickets (id, ticket_no, type, title, description, status, priority, submitter_id, handler_id, resolution, resolved_at, created_at, updated_at) VALUES (12, 'IT-T-0012', 'permission', '申请 GitLab 仓库权限', '详细描述：申请 GitLab 仓库权限，影响正常办公', 'closed', 'low', 18, 9, '已重装驱动，恢复正常', '2025-11-17 08:03:55', '2026-01-23 02:03:55', '2026-01-23 02:03:55');
INSERT INTO it_tickets (id, ticket_no, type, title, description, status, priority, submitter_id, handler_id, resolution, resolved_at, created_at, updated_at) VALUES (13, 'IT-T-0013', 'permission', '申请 VPN 远程访问权限', '详细描述：申请 VPN 远程访问权限，影响正常办公', 'closed', 'medium', 13, 9, '已重置密码，请使用新密码登录', '2025-12-21 17:03:55', '2025-12-26 07:03:55', '2025-12-26 07:03:55');
INSERT INTO it_tickets (id, ticket_no, type, title, description, status, priority, submitter_id, handler_id, resolution, resolved_at, created_at, updated_at) VALUES (14, 'IT-T-0014', 'permission', '申请 Jira 管理权限', '详细描述：申请 Jira 管理权限，影响正常办公', 'resolved', 'urgent', 18, 9, '已修复网络连接', '2026-01-25 05:03:55', '2026-01-07 09:03:55', '2026-01-07 09:03:55');
INSERT INTO it_tickets (id, ticket_no, type, title, description, status, priority, submitter_id, handler_id, resolution, resolved_at, created_at, updated_at) VALUES (15, 'IT-T-0015', 'repair', '笔记本无法开机', '详细描述：笔记本无法开机，影响正常办公', 'open', 'high', 2, NULL, '', NULL, '2025-12-13 23:03:55', '2025-12-13 23:03:55');
INSERT INTO it_tickets (id, ticket_no, type, title, description, status, priority, submitter_id, handler_id, resolution, resolved_at, created_at, updated_at) VALUES (16, 'IT-T-0016', 'other', '网络打印机无法连接', '详细描述：网络打印机无法连接，影响正常办公', 'open', 'low', 17, NULL, '', NULL, '2026-01-21 13:03:55', '2026-01-21 13:03:55');
INSERT INTO it_tickets (id, ticket_no, type, title, description, status, priority, submitter_id, handler_id, resolution, resolved_at, created_at, updated_at) VALUES (17, 'IT-T-0017', 'other', '会议室音视频设备故障', '详细描述：会议室音视频设备故障，影响正常办公', 'open', 'medium', 13, NULL, '', NULL, '2025-12-03 08:03:55', '2025-12-03 08:03:55');
INSERT INTO it_tickets (id, ticket_no, type, title, description, status, priority, submitter_id, handler_id, resolution, resolved_at, created_at, updated_at) VALUES (18, 'IT-T-0018', 'other', '会议室音视频设备故障', '详细描述：会议室音视频设备故障，影响正常办公', 'resolved', 'low', 14, 9, '问题无法复现，持续观察', '2025-12-09 13:03:55', '2026-01-11 09:03:55', '2026-01-11 09:03:55');
INSERT INTO it_tickets (id, ticket_no, type, title, description, status, priority, submitter_id, handler_id, resolution, resolved_at, created_at, updated_at) VALUES (19, 'IT-T-0019', 'software_install', '申请安装 Docker Desktop', '详细描述：申请安装 Docker Desktop，影响正常办公', 'open', 'high', 13, NULL, '', NULL, '2025-11-23 06:03:55', '2025-11-23 06:03:55');
INSERT INTO it_tickets (id, ticket_no, type, title, description, status, priority, submitter_id, handler_id, resolution, resolved_at, created_at, updated_at) VALUES (20, 'IT-T-0020', 'permission', '申请 Jira 管理权限', '详细描述：申请 Jira 管理权限，影响正常办公', 'resolved', 'low', 1, 9, '问题无法复现，持续观察', '2026-01-31 21:03:55', '2025-12-07 09:03:55', '2025-12-07 09:03:55');
INSERT INTO it_tickets (id, ticket_no, type, title, description, status, priority, submitter_id, handler_id, resolution, resolved_at, created_at, updated_at) VALUES (21, 'IT-T-0021', 'other', 'WiFi 信号弱', '详细描述：WiFi 信号弱，影响正常办公', 'closed', 'medium', 12, 9, '已安装软件并配置完成', '2025-12-23 11:03:55', '2026-01-24 01:03:55', '2026-01-24 01:03:55');
INSERT INTO it_tickets (id, ticket_no, type, title, description, status, priority, submitter_id, handler_id, resolution, resolved_at, created_at, updated_at) VALUES (22, 'IT-T-0022', 'other', 'WiFi 信号弱', '详细描述：WiFi 信号弱，影响正常办公', 'in_progress', 'low', 18, 9, '', NULL, '2025-11-21 12:03:55', '2025-11-21 12:03:55');
INSERT INTO it_tickets (id, ticket_no, type, title, description, status, priority, submitter_id, handler_id, resolution, resolved_at, created_at, updated_at) VALUES (23, 'IT-T-0023', 'password_reset', 'VPN 密码重置', '详细描述：VPN 密码重置，影响正常办公', 'resolved', 'low', 4, 9, '已重置密码，请使用新密码登录', '2026-01-10 11:03:55', '2025-11-28 09:03:55', '2025-11-28 09:03:55');
INSERT INTO it_tickets (id, ticket_no, type, title, description, status, priority, submitter_id, handler_id, resolution, resolved_at, created_at, updated_at) VALUES (24, 'IT-T-0024', 'software_install', '申请安装 Docker Desktop', '详细描述：申请安装 Docker Desktop，影响正常办公', 'resolved', 'high', 17, 9, '已更换硬件，问题解决', '2026-02-03 09:03:55', '2025-12-21 07:03:55', '2025-12-21 07:03:55');
INSERT INTO it_tickets (id, ticket_no, type, title, description, status, priority, submitter_id, handler_id, resolution, resolved_at, created_at, updated_at) VALUES (25, 'IT-T-0025', 'repair', '笔记本无法开机', '详细描述：笔记本无法开机，影响正常办公', 'resolved', 'high', 5, 9, '已开通权限', '2026-01-24 21:03:55', '2025-12-04 17:03:55', '2025-12-04 17:03:55');
INSERT INTO it_tickets (id, ticket_no, type, title, description, status, priority, submitter_id, handler_id, resolution, resolved_at, created_at, updated_at) VALUES (26, 'IT-T-0026', 'permission', '申请 GitLab 仓库权限', '详细描述：申请 GitLab 仓库权限，影响正常办公', 'closed', 'low', 3, 9, '已重置密码，请使用新密码登录', '2025-12-11 19:03:55', '2025-12-27 21:03:55', '2025-12-27 21:03:55');
INSERT INTO it_tickets (id, ticket_no, type, title, description, status, priority, submitter_id, handler_id, resolution, resolved_at, created_at, updated_at) VALUES (27, 'IT-T-0027', 'other', '网络打印机无法连接', '详细描述：网络打印机无法连接，影响正常办公', 'open', 'urgent', 5, NULL, '', NULL, '2025-12-29 14:03:55', '2025-12-29 14:03:55');
INSERT INTO it_tickets (id, ticket_no, type, title, description, status, priority, submitter_id, handler_id, resolution, resolved_at, created_at, updated_at) VALUES (28, 'IT-T-0028', 'software_install', '申请安装 Docker Desktop', '详细描述：申请安装 Docker Desktop，影响正常办公', 'in_progress', 'medium', 4, 9, '', NULL, '2025-12-04 02:03:55', '2025-12-04 02:03:55');
INSERT INTO it_tickets (id, ticket_no, type, title, description, status, priority, submitter_id, handler_id, resolution, resolved_at, created_at, updated_at) VALUES (29, 'IT-T-0029', 'other', '网络打印机无法连接', '详细描述：网络打印机无法连接，影响正常办公', 'closed', 'medium', 6, 9, '已重置密码，请使用新密码登录', '2025-11-20 19:03:55', '2026-02-10 10:03:55', '2026-02-10 10:03:55');
INSERT INTO it_tickets (id, ticket_no, type, title, description, status, priority, submitter_id, handler_id, resolution, resolved_at, created_at, updated_at) VALUES (30, 'IT-T-0030', 'software_install', '申请安装 VS Code 插件', '详细描述：申请安装 VS Code 插件，影响正常办公', 'open', 'medium', 9, NULL, '', NULL, '2025-11-16 12:03:55', '2025-11-16 12:03:55');
INSERT INTO it_tickets (id, ticket_no, type, title, description, status, priority, submitter_id, handler_id, resolution, resolved_at, created_at, updated_at) VALUES (31, 'IT-T-0031', 'permission', '申请 GitLab 仓库权限', '详细描述：申请 GitLab 仓库权限，影响正常办公', 'open', 'urgent', 8, NULL, '', NULL, '2025-12-17 04:03:55', '2025-12-17 04:03:55');
INSERT INTO it_tickets (id, ticket_no, type, title, description, status, priority, submitter_id, handler_id, resolution, resolved_at, created_at, updated_at) VALUES (32, 'IT-T-0032', 'software_install', '申请安装 Docker Desktop', '详细描述：申请安装 Docker Desktop，影响正常办公', 'resolved', 'medium', 1, 9, '已更换设备', '2026-01-02 10:03:55', '2026-02-05 07:03:55', '2026-02-05 07:03:55');
INSERT INTO it_tickets (id, ticket_no, type, title, description, status, priority, submitter_id, handler_id, resolution, resolved_at, created_at, updated_at) VALUES (33, 'IT-T-0033', 'software_install', '申请安装 Office 365', '详细描述：申请安装 Office 365，影响正常办公', 'in_progress', 'urgent', 18, 9, '', NULL, '2026-02-10 12:03:55', '2026-02-10 12:03:55');
INSERT INTO it_tickets (id, ticket_no, type, title, description, status, priority, submitter_id, handler_id, resolution, resolved_at, created_at, updated_at) VALUES (34, 'IT-T-0034', 'software_install', '申请安装 Docker Desktop', '详细描述：申请安装 Docker Desktop，影响正常办公', 'open', 'high', 2, NULL, '', NULL, '2025-12-20 04:03:55', '2025-12-20 04:03:55');
INSERT INTO it_tickets (id, ticket_no, type, title, description, status, priority, submitter_id, handler_id, resolution, resolved_at, created_at, updated_at) VALUES (35, 'IT-T-0035', 'software_install', '申请安装 VS Code 插件', '详细描述：申请安装 VS Code 插件，影响正常办公', 'closed', 'low', 13, 9, '已安装软件并配置完成', '2025-12-29 19:03:55', '2025-11-15 02:03:55', '2025-11-15 02:03:55');
INSERT INTO it_tickets (id, ticket_no, type, title, description, status, priority, submitter_id, handler_id, resolution, resolved_at, created_at, updated_at) VALUES (36, 'IT-T-0036', 'repair', '电池充不进电', '详细描述：电池充不进电，影响正常办公', 'open', 'high', 14, NULL, '', NULL, '2025-11-20 05:03:55', '2025-11-20 05:03:55');
INSERT INTO it_tickets (id, ticket_no, type, title, description, status, priority, submitter_id, handler_id, resolution, resolved_at, created_at, updated_at) VALUES (37, 'IT-T-0037', 'other', 'WiFi 信号弱', '详细描述：WiFi 信号弱，影响正常办公', 'resolved', 'low', 10, 9, '已更换设备', '2026-01-03 18:03:55', '2025-11-16 06:03:55', '2025-11-16 06:03:55');
INSERT INTO it_tickets (id, ticket_no, type, title, description, status, priority, submitter_id, handler_id, resolution, resolved_at, created_at, updated_at) VALUES (38, 'IT-T-0038', 'other', '网络打印机无法连接', '详细描述：网络打印机无法连接，影响正常办公', 'resolved', 'medium', 14, 9, '已更换设备', '2025-11-19 04:03:55', '2025-11-26 21:03:55', '2025-11-26 21:03:55');
INSERT INTO it_tickets (id, ticket_no, type, title, description, status, priority, submitter_id, handler_id, resolution, resolved_at, created_at, updated_at) VALUES (39, 'IT-T-0039', 'software_install', '申请安装 VS Code 插件', '详细描述：申请安装 VS Code 插件，影响正常办公', 'in_progress', 'low', 10, 9, '', NULL, '2025-12-19 21:03:55', '2025-12-19 21:03:55');
INSERT INTO it_tickets (id, ticket_no, type, title, description, status, priority, submitter_id, handler_id, resolution, resolved_at, created_at, updated_at) VALUES (40, 'IT-T-0040', 'other', 'WiFi 信号弱', '详细描述：WiFi 信号弱，影响正常办公', 'resolved', 'urgent', 15, 9, '已安装软件并配置完成', '2025-12-10 23:03:55', '2026-01-22 18:03:55', '2026-01-22 18:03:55');
INSERT INTO it_tickets (id, ticket_no, type, title, description, status, priority, submitter_id, handler_id, resolution, resolved_at, created_at, updated_at) VALUES (41, 'IT-T-0041', 'repair', '电脑运行卡顿', '详细描述：电脑运行卡顿，影响正常办公', 'closed', 'high', 3, 9, '已安装软件并配置完成', '2025-12-03 12:03:55', '2026-01-16 09:03:55', '2026-01-16 09:03:55');
INSERT INTO it_tickets (id, ticket_no, type, title, description, status, priority, submitter_id, handler_id, resolution, resolved_at, created_at, updated_at) VALUES (42, 'IT-T-0042', 'password_reset', '邮箱密码忘记', '详细描述：邮箱密码忘记，影响正常办公', 'closed', 'low', 8, 9, '问题无法复现，持续观察', '2025-11-21 21:03:55', '2025-12-17 02:03:55', '2025-12-17 02:03:55');
INSERT INTO it_tickets (id, ticket_no, type, title, description, status, priority, submitter_id, handler_id, resolution, resolved_at, created_at, updated_at) VALUES (43, 'IT-T-0043', 'other', '网络打印机无法连接', '详细描述：网络打印机无法连接，影响正常办公', 'in_progress', 'urgent', 16, 9, '', NULL, '2026-01-25 19:03:55', '2026-01-25 19:03:55');
INSERT INTO it_tickets (id, ticket_no, type, title, description, status, priority, submitter_id, handler_id, resolution, resolved_at, created_at, updated_at) VALUES (44, 'IT-T-0044', 'repair', '显示器闪屏', '详细描述：显示器闪屏，影响正常办公', 'open', 'urgent', 8, NULL, '', NULL, '2025-11-15 23:03:55', '2025-11-15 23:03:55');
INSERT INTO it_tickets (id, ticket_no, type, title, description, status, priority, submitter_id, handler_id, resolution, resolved_at, created_at, updated_at) VALUES (45, 'IT-T-0045', 'permission', '申请 GitLab 仓库权限', '详细描述：申请 GitLab 仓库权限，影响正常办公', 'resolved', 'medium', 4, 9, '已修复网络连接', '2025-11-21 02:03:55', '2025-12-03 20:03:55', '2025-12-03 20:03:55');
INSERT INTO it_tickets (id, ticket_no, type, title, description, status, priority, submitter_id, handler_id, resolution, resolved_at, created_at, updated_at) VALUES (46, 'IT-T-0046', 'software_install', '申请安装 VS Code 插件', '详细描述：申请安装 VS Code 插件，影响正常办公', 'resolved', 'urgent', 18, 9, '已重置密码，请使用新密码登录', '2025-12-15 21:03:55', '2026-01-11 08:03:55', '2026-01-11 08:03:55');
INSERT INTO it_tickets (id, ticket_no, type, title, description, status, priority, submitter_id, handler_id, resolution, resolved_at, created_at, updated_at) VALUES (47, 'IT-T-0047', 'software_install', '申请安装 Office 365', '详细描述：申请安装 Office 365，影响正常办公', 'in_progress', 'urgent', 8, 9, '', NULL, '2026-02-03 17:03:55', '2026-02-03 17:03:55');
INSERT INTO it_tickets (id, ticket_no, type, title, description, status, priority, submitter_id, handler_id, resolution, resolved_at, created_at, updated_at) VALUES (48, 'IT-T-0048', 'software_install', '申请安装 Docker Desktop', '详细描述：申请安装 Docker Desktop，影响正常办公', 'in_progress', 'high', 11, 9, '', NULL, '2025-12-06 13:03:55', '2025-12-06 13:03:55');
INSERT INTO it_tickets (id, ticket_no, type, title, description, status, priority, submitter_id, handler_id, resolution, resolved_at, created_at, updated_at) VALUES (49, 'IT-T-0049', 'password_reset', 'AD 账号被锁定', '详细描述：AD 账号被锁定，影响正常办公', 'resolved', 'medium', 13, 9, '已安装软件并配置完成', '2026-02-05 19:03:55', '2025-12-23 05:03:55', '2025-12-23 05:03:55');
INSERT INTO it_tickets (id, ticket_no, type, title, description, status, priority, submitter_id, handler_id, resolution, resolved_at, created_at, updated_at) VALUES (50, 'IT-T-0050', 'other', '工位网口不通', '详细描述：工位网口不通，影响正常办公', 'in_progress', 'urgent', 2, 9, '', NULL, '2025-12-22 03:03:55', '2025-12-22 03:03:55');
INSERT INTO it_tickets (id, ticket_no, type, title, description, status, priority, submitter_id, handler_id, resolution, resolved_at, created_at, updated_at) VALUES (51, 'IT-T-0051', 'other', '会议室音视频设备故障', '详细描述：会议室音视频设备故障，影响正常办公', 'open', 'urgent', 16, NULL, '', NULL, '2025-12-30 06:03:55', '2025-12-30 06:03:55');
INSERT INTO it_tickets (id, ticket_no, type, title, description, status, priority, submitter_id, handler_id, resolution, resolved_at, created_at, updated_at) VALUES (52, 'IT-T-0052', 'permission', '申请 VPN 远程访问权限', '详细描述：申请 VPN 远程访问权限，影响正常办公', 'in_progress', 'medium', 16, 9, '', NULL, '2025-12-20 00:03:55', '2025-12-20 00:03:55');
INSERT INTO it_tickets (id, ticket_no, type, title, description, status, priority, submitter_id, handler_id, resolution, resolved_at, created_at, updated_at) VALUES (53, 'IT-T-0053', 'repair', '触控板不灵敏', '详细描述：触控板不灵敏，影响正常办公', 'resolved', 'high', 13, 9, '已修复网络连接', '2026-01-29 08:03:55', '2025-12-07 15:03:55', '2025-12-07 15:03:55');
INSERT INTO it_tickets (id, ticket_no, type, title, description, status, priority, submitter_id, handler_id, resolution, resolved_at, created_at, updated_at) VALUES (54, 'IT-T-0054', 'permission', '申请 GitLab 仓库权限', '详细描述：申请 GitLab 仓库权限，影响正常办公', 'open', 'low', 14, NULL, '', NULL, '2025-12-16 10:03:55', '2025-12-16 10:03:55');
INSERT INTO it_tickets (id, ticket_no, type, title, description, status, priority, submitter_id, handler_id, resolution, resolved_at, created_at, updated_at) VALUES (55, 'IT-T-0055', 'repair', '电脑运行卡顿', '详细描述：电脑运行卡顿，影响正常办公', 'in_progress', 'urgent', 11, 9, '', NULL, '2026-01-03 05:03:55', '2026-01-03 05:03:55');
INSERT INTO it_tickets (id, ticket_no, type, title, description, status, priority, submitter_id, handler_id, resolution, resolved_at, created_at, updated_at) VALUES (56, 'IT-T-0056', 'permission', '申请 Jira 管理权限', '详细描述：申请 Jira 管理权限，影响正常办公', 'closed', 'urgent', 9, 9, '已修复网络连接', '2026-01-15 03:03:55', '2026-02-07 04:03:55', '2026-02-07 04:03:55');
INSERT INTO it_tickets (id, ticket_no, type, title, description, status, priority, submitter_id, handler_id, resolution, resolved_at, created_at, updated_at) VALUES (57, 'IT-T-0057', 'password_reset', '邮箱密码忘记', '详细描述：邮箱密码忘记，影响正常办公', 'closed', 'low', 1, 9, '已安装软件并配置完成', '2025-11-22 18:03:55', '2025-11-26 11:03:55', '2025-11-26 11:03:55');
INSERT INTO it_tickets (id, ticket_no, type, title, description, status, priority, submitter_id, handler_id, resolution, resolved_at, created_at, updated_at) VALUES (58, 'IT-T-0058', 'password_reset', 'AD 账号被锁定', '详细描述：AD 账号被锁定，影响正常办公', 'resolved', 'urgent', 4, 9, '已安装软件并配置完成', '2025-12-17 13:03:55', '2026-01-12 04:03:55', '2026-01-12 04:03:55');
INSERT INTO it_tickets (id, ticket_no, type, title, description, status, priority, submitter_id, handler_id, resolution, resolved_at, created_at, updated_at) VALUES (59, 'IT-T-0059', 'password_reset', '邮箱密码忘记', '详细描述：邮箱密码忘记，影响正常办公', 'open', 'medium', 10, NULL, '', NULL, '2026-02-10 06:03:55', '2026-02-10 06:03:55');
INSERT INTO it_tickets (id, ticket_no, type, title, description, status, priority, submitter_id, handler_id, resolution, resolved_at, created_at, updated_at) VALUES (60, 'IT-T-0060', 'other', '工位网口不通', '详细描述：工位网口不通，影响正常办公', 'open', 'urgent', 7, NULL, '', NULL, '2025-11-16 19:03:55', '2025-11-16 19:03:55');

-- 设备流转记录
INSERT INTO it_asset_history (id, asset_id, action, from_employee_id, to_employee_id, operated_by, remark, created_at, updated_at) VALUES (1, 10, 'assign', NULL, 12, 9, '新员工入职设备分配', '2026-01-08 15:03:55', '2026-01-08 15:03:55');
INSERT INTO it_asset_history (id, asset_id, action, from_employee_id, to_employee_id, operated_by, remark, created_at, updated_at) VALUES (2, 14, 'assign', NULL, 20, 9, '新员工入职设备分配', '2025-09-03 15:03:55', '2025-09-03 15:03:55');
INSERT INTO it_asset_history (id, asset_id, action, from_employee_id, to_employee_id, operated_by, remark, created_at, updated_at) VALUES (3, 6, 'assign', NULL, 3, 9, '新员工入职设备分配', '2025-09-12 15:03:55', '2025-09-12 15:03:55');
INSERT INTO it_asset_history (id, asset_id, action, from_employee_id, to_employee_id, operated_by, remark, created_at, updated_at) VALUES (4, 3, 'assign', NULL, 1, 9, '新员工入职设备分配', '2025-11-07 15:03:55', '2025-11-07 15:03:55');
INSERT INTO it_asset_history (id, asset_id, action, from_employee_id, to_employee_id, operated_by, remark, created_at, updated_at) VALUES (5, 25, 'assign', NULL, 13, 9, '新员工入职设备分配', '2025-10-17 15:03:55', '2025-10-17 15:03:55');
INSERT INTO it_asset_history (id, asset_id, action, from_employee_id, to_employee_id, operated_by, remark, created_at, updated_at) VALUES (6, 19, 'assign', NULL, 15, 9, '新员工入职设备分配', '2026-01-17 15:03:55', '2026-01-17 15:03:55');
INSERT INTO it_asset_history (id, asset_id, action, from_employee_id, to_employee_id, operated_by, remark, created_at, updated_at) VALUES (7, 24, 'assign', NULL, 17, 9, '新员工入职设备分配', '2025-08-22 15:03:55', '2025-08-22 15:03:55');
INSERT INTO it_asset_history (id, asset_id, action, from_employee_id, to_employee_id, operated_by, remark, created_at, updated_at) VALUES (8, 16, 'assign', NULL, 18, 9, '新员工入职设备分配', '2026-01-31 15:03:55', '2026-01-31 15:03:55');
INSERT INTO it_asset_history (id, asset_id, action, from_employee_id, to_employee_id, operated_by, remark, created_at, updated_at) VALUES (9, 21, 'assign', NULL, 14, 9, '新员工入职设备分配', '2025-10-01 15:03:55', '2025-10-01 15:03:55');
INSERT INTO it_asset_history (id, asset_id, action, from_employee_id, to_employee_id, operated_by, remark, created_at, updated_at) VALUES (10, 6, 'assign', NULL, 3, 9, '新员工入职设备分配', '2025-10-16 15:03:55', '2025-10-16 15:03:55');
INSERT INTO it_asset_history (id, asset_id, action, from_employee_id, to_employee_id, operated_by, remark, created_at, updated_at) VALUES (11, 19, 'reclaim', 15, NULL, 9, '员工离职设备回收', '2025-08-25 15:03:55', '2025-08-25 15:03:55');
INSERT INTO it_asset_history (id, asset_id, action, from_employee_id, to_employee_id, operated_by, remark, created_at, updated_at) VALUES (12, 22, 'reclaim', 8, NULL, 9, '员工离职设备回收', '2025-12-26 15:03:55', '2025-12-26 15:03:55');
INSERT INTO it_asset_history (id, asset_id, action, from_employee_id, to_employee_id, operated_by, remark, created_at, updated_at) VALUES (13, 21, 'reclaim', 14, NULL, 9, '员工离职设备回收', '2025-12-20 15:03:55', '2025-12-20 15:03:55');
INSERT INTO it_asset_history (id, asset_id, action, from_employee_id, to_employee_id, operated_by, remark, created_at, updated_at) VALUES (14, 24, 'reclaim', 17, NULL, 9, '员工离职设备回收', '2025-08-21 15:03:55', '2025-08-21 15:03:55');
INSERT INTO it_asset_history (id, asset_id, action, from_employee_id, to_employee_id, operated_by, remark, created_at, updated_at) VALUES (15, 11, 'reclaim', 11, NULL, 9, '员工离职设备回收', '2025-08-30 15:03:55', '2025-08-30 15:03:55');

COMMIT;